{
    "update/update-files/admin-api-doc.txt": "admin-api-doc.txt",
    "update/update-files/api-doc.txt": "api-doc.txt",
    "update/update-files/delivery-boy-api-doc.txt": "delivery-boy-api-doc.txt",
    "update/update-files/assets/admin/custom/custom.css": "assets/admin/custom/custom.css",
    "update/update-files/assets/admin/custom/custom.js": "assets/admin/custom/custom.js",
    "update/update-files/assets/admin/js/jquery.validate.min.js": "assets/admin/js/jquery.validate.min.js",
    "update/update-files/uploads/bulk-update-instructions.txt": "uploads/bulk-update-instructions.txt",
    "update/update-files/uploads/bulk-upload-instructions.txt": "uploads/bulk-upload-instructions.txt",
    "update/update-files/uploads/product-bulk-update-sample.csv": "uploads/product-bulk-update-sample.csv",
    "update/update-files/uploads/product-bulk-upload-sample.csv": "uploads/product-bulk-upload-sample.csv",
    "update/update-files/application/config/constants.php": "application/config/constants.php",
    "update/update-files/application/config/eshop.php": "application/config/eshop.php",
    "update/update-files/application/config/hooks.php": "application/config/hooks.php",
    "update/update-files/application/config/routes.php": "application/config/routes.php",
    "update/update-files/application/controllers/admin/app/v1/Api.php": "application/controllers/admin/app/v1/Api.php",
    "update/update-files/application/controllers/admin/About_us.php": "application/controllers/admin/About_us.php",
    "update/update-files/application/controllers/admin/Admin_privacy_policy.php": "application/controllers/admin/Admin_privacy_policy.php",
    "update/update-files/application/controllers/admin/Area.php": "application/controllers/admin/Area.php",
    "update/update-files/application/controllers/admin/Attribute.php": "application/controllers/admin/Attribute.php",
    "update/update-files/application/controllers/admin/Attribute_set.php": "application/controllers/admin/Attribute_set.php",
    "update/update-files/application/controllers/admin/Attribute_value.php": "application/controllers/admin/Attribute_value.php",
    "update/update-files/application/controllers/admin/Category.php": "application/controllers/admin/Category.php",
    "update/update-files/application/controllers/admin/Client_api_keys.php": "application/controllers/admin/Client_api_keys.php",
    "update/update-files/application/controllers/admin/Contact_us.php": "application/controllers/admin/Contact_us.php",
    "update/update-files/application/controllers/admin/Customer.php": "application/controllers/admin/Customer.php",
    "update/update-files/application/controllers/admin/Delivery_boy_privacy_policy.php": "application/controllers/admin/Delivery_boy_privacy_policy.php",
    "update/update-files/application/controllers/admin/Delivery_boys.php": "application/controllers/admin/Delivery_boys.php",
    "update/update-files/application/controllers/admin/Email_settings.php": "application/controllers/admin/Email_settings.php",
    "update/update-files/application/controllers/admin/Faq.php": "application/controllers/admin/Faq.php",
    "update/update-files/application/controllers/admin/Featured_sections.php": "application/controllers/admin/Featured_sections.php",
    "update/update-files/application/controllers/admin/Flutterwave.php": "application/controllers/admin/Flutterwave.php",
    "update/update-files/application/controllers/admin/Fund_transfer.php": "application/controllers/admin/Fund_transfer.php",
    "update/update-files/application/controllers/admin/Home.php": "application/controllers/admin/Home.php",
    "update/update-files/application/controllers/admin/Invoice.php": "application/controllers/admin/Invoice.php",
    "update/update-files/application/controllers/admin/Language.php": "application/controllers/admin/Language.php",
    "update/update-files/application/controllers/admin/Login.php": "application/controllers/admin/Login.php",
    "update/update-files/application/controllers/admin/Media.php": "application/controllers/admin/Media.php",
    "update/update-files/application/controllers/admin/Migrate.php": "application/controllers/admin/Migrate.php",
    "update/update-files/application/controllers/admin/Notification_settings.php": "application/controllers/admin/Notification_settings.php",
    "update/update-files/application/controllers/admin/Offer.php": "application/controllers/admin/Offer.php",
    "update/update-files/application/controllers/admin/Orders.php": "application/controllers/admin/Orders.php",
    "update/update-files/application/controllers/admin/Payment_request.php": "application/controllers/admin/Payment_request.php",
    "update/update-files/application/controllers/admin/Payment_settings.php": "application/controllers/admin/Payment_settings.php",
    "update/update-files/application/controllers/admin/Privacy_policy.php": "application/controllers/admin/Privacy_policy.php",
    "update/update-files/application/controllers/admin/Product.php": "application/controllers/admin/Product.php",
    "update/update-files/application/controllers/admin/Promo_code.php": "application/controllers/admin/Promo_code.php",
    "update/update-files/application/controllers/admin/Purchase_code.php": "application/controllers/admin/Purchase_code.php",
    "update/update-files/application/controllers/admin/Return_request.php": "application/controllers/admin/Return_request.php",
    "update/update-files/application/controllers/admin/Setting.php": "application/controllers/admin/Setting.php",
    "update/update-files/application/controllers/admin/Slider.php": "application/controllers/admin/Slider.php",
    "update/update-files/application/controllers/admin/System_users.php": "application/controllers/admin/System_users.php",
    "update/update-files/application/controllers/admin/Taxes.php": "application/controllers/admin/Taxes.php",
    "update/update-files/application/controllers/admin/Themes.php": "application/controllers/admin/Themes.php",
    "update/update-files/application/controllers/admin/Tickets.php": "application/controllers/admin/Tickets.php",
    "update/update-files/application/controllers/admin/Time_slots.php": "application/controllers/admin/Time_slots.php",
    "update/update-files/application/controllers/admin/Transaction.php": "application/controllers/admin/Transaction.php",
    "update/update-files/application/controllers/admin/Updater.php": "application/controllers/admin/Updater.php",
    "update/update-files/application/controllers/admin/Web_setting.php": "application/controllers/admin/Web_setting.php",
    "update/update-files/application/controllers/app/v1/Api.php": "application/controllers/app/v1/Api.php",
    "update/update-files/application/controllers/delivery_boy/app/v1/Api.php": "application/controllers/delivery_boy/app/v1/Api.php",
    "update/update-files/application/controllers/delivery_boy/Fund_transfer.php": "application/controllers/delivery_boy/Fund_transfer.php",
    "update/update-files/application/controllers/delivery_boy/Home.php": "application/controllers/delivery_boy/Home.php",
    "update/update-files/application/controllers/delivery_boy/Login.php": "application/controllers/delivery_boy/Login.php",
    "update/update-files/application/controllers/delivery_boy/Orders.php": "application/controllers/delivery_boy/Orders.php",
    "update/update-files/application/controllers/Auth.php": "application/controllers/Auth.php",
    "update/update-files/application/helpers/function_helper.php": "application/helpers/function_helper.php",
    "update/update-files/application/helpers/timezone_helper.php": "application/helpers/timezone_helper.php",
    "update/update-files/application/hooks/MyConfig.php": "application/hooks/MyConfig.php",
    "update/update-files/application/hooks/timezone.php": "application/hooks/timezone.php",
    "update/update-files/application/language/english/web_labels_lang.php": "application/language/english/web_labels_lang.php",
    "update/update-files/application/libraries/Flutterwave.php": "application/libraries/Flutterwave.php",
    "update/update-files/application/libraries/Paytm.php": "application/libraries/Paytm.php",
    "update/update-files/application/migrations/001_languages_offers_products_alter_table.php": "application/migrations/001_languages_offers_products_alter_table.php",
	"update/update-files/application/migrations/002_products_alter_table.php": "application/migrations/002_products_alter_table.php",
	"update/update-files/application/migrations/003_orders_alter_table.php": "application/migrations/003_orders_alter_table.php",
	"update/update-files/application/migrations/004_ticket_system.php": "application/migrations/004_ticket_system.php",
	"update/update-files/application/migrations/005_direct_bank_transfer.php": "application/migrations/005_direct_bank_transfer.php",
    "update/update-files/application/models/Address_model.php": "application/models/Address_model.php",
    "update/update-files/application/models/Area_model.php": "application/models/Area_model.php",
    "update/update-files/application/models/Attribute_model.php": "application/models/Attribute_model.php",
    "update/update-files/application/models/Cart_model.php": "application/models/Cart_model.php",
    "update/update-files/application/models/Category_model.php": "application/models/Category_model.php",
    "update/update-files/application/models/Client_apikeys_model.php": "application/models/Client_apikeys_model.php",
    "update/update-files/application/models/Customer_model.php": "application/models/Customer_model.php",
    "update/update-files/application/models/Delivery_boy_model.php": "application/models/Delivery_boy_model.php",
    "update/update-files/application/models/Faq_model.php": "application/models/Faq_model.php",
    "update/update-files/application/models/Featured_section_model.php": "application/models/Featured_section_model.php",
    "update/update-files/application/models/Fund_transfers_model.php": "application/models/Fund_transfers_model.php",
    "update/update-files/application/models/Home_model.php": "application/models/Home_model.php",
    "update/update-files/application/models/Invoice_model.php": "application/models/Invoice_model.php",
    "update/update-files/application/models/Ion_auth_model.php": "application/models/Ion_auth_model.php",
    "update/update-files/application/models/Language_model.php": "application/models/Language_model.php",
    "update/update-files/application/models/Media_model.php": "application/models/Media_model.php",
    "update/update-files/application/models/Notification_model.php": "application/models/Notification_model.php",
    "update/update-files/application/models/Offer_model.php": "application/models/Offer_model.php",
    "update/update-files/application/models/Order_model.php": "application/models/Order_model.php",
    "update/update-files/application/models/Payment_request_model.php": "application/models/Payment_request_model.php",
    "update/update-files/application/models/Product_model.php": "application/models/Product_model.php",
    "update/update-files/application/models/Promo_code_model.php": "application/models/Promo_code_model.php",
    "update/update-files/application/models/Rating_model.php": "application/models/Rating_model.php",
    "update/update-files/application/models/Return_request_model.php": "application/models/Return_request_model.php",
    "update/update-files/application/models/Setting_model.php": "application/models/Setting_model.php",
    "update/update-files/application/models/Slider_model.php": "application/models/Slider_model.php",
    "update/update-files/application/models/System_users_model.php": "application/models/System_users_model.php",
    "update/update-files/application/models/Tax_model.php": "application/models/Tax_model.php",
    "update/update-files/application/models/Ticket_model.php": "application/models/Ticket_model.php",
    "update/update-files/application/models/Transaction_model.php": "application/models/Transaction_model.php",
    "update/update-files/application/views/admin/include-footer.php": "application/views/admin/include-footer.php",
    "update/update-files/application/views/admin/include-head.php": "application/views/admin/include-head.php",
    "update/update-files/application/views/admin/include-navbar.php": "application/views/admin/include-navbar.php",
    "update/update-files/application/views/admin/include-script.php": "application/views/admin/include-script.php",
    "update/update-files/application/views/admin/include-sidebar.php": "application/views/admin/include-sidebar.php",
    "update/update-files/application/views/admin/invoice-template.php": "application/views/admin/invoice-template.php",
    "update/update-files/application/views/admin/login.php": "application/views/admin/login.php",
    "update/update-files/application/views/admin/template.php": "application/views/admin/template.php",
    "update/update-files/application/views/admin/pages/forms/about-us.php": "application/views/admin/pages/forms/about-us.php",
    "update/update-files/application/views/admin/pages/forms/admin-privacy-policy.php": "application/views/admin/pages/forms/admin-privacy-policy.php",
    "update/update-files/application/views/admin/pages/forms/attribute.php": "application/views/admin/pages/forms/attribute.php",
    "update/update-files/application/views/admin/pages/forms/attribute-set.php": "application/views/admin/pages/forms/attribute-set.php",
    "update/update-files/application/views/admin/pages/forms/attribute-value.php": "application/views/admin/pages/forms/attribute-value.php",
    "update/update-files/application/views/admin/pages/forms/bulk-upload.php": "application/views/admin/pages/forms/bulk-upload.php",
    "update/update-files/application/views/admin/pages/forms/category.php": "application/views/admin/pages/forms/category.php",
    "update/update-files/application/views/admin/pages/forms/change-password.php": "application/views/admin/pages/forms/change-password.php",
    "update/update-files/application/views/admin/pages/forms/contact-us.php": "application/views/admin/pages/forms/contact-us.php",
    "update/update-files/application/views/admin/pages/forms/delivery-boy.php": "application/views/admin/pages/forms/delivery-boy.php",
    "update/update-files/application/views/admin/pages/forms/delivery-boy-privacy-policy.php": "application/views/admin/pages/forms/delivery-boy-privacy-policy.php",
    "update/update-files/application/views/admin/pages/forms/edit-orders.php": "application/views/admin/pages/forms/edit-orders.php",
    "update/update-files/application/views/admin/pages/forms/email-settings.php": "application/views/admin/pages/forms/email-settings.php",
    "update/update-files/application/views/admin/pages/forms/firebase-settings.php": "application/views/admin/pages/forms/firebase-settings.php",
    "update/update-files/application/views/admin/pages/forms/forgot-password.php": "application/views/admin/pages/forms/forgot-password.php",
    "update/update-files/application/views/admin/pages/forms/home.php": "application/views/admin/pages/forms/home.php",
    "update/update-files/application/views/admin/pages/forms/languages.php": "application/views/admin/pages/forms/languages.php",
    "update/update-files/application/views/admin/pages/forms/login.php": "application/views/admin/pages/forms/login.php",
    "update/update-files/application/views/admin/pages/forms/notification-settings.php": "application/views/admin/pages/forms/notification-settings.php",
    "update/update-files/application/views/admin/pages/forms/offers.php": "application/views/admin/pages/forms/offers.php",
    "update/update-files/application/views/admin/pages/forms/payment-settings.php": "application/views/admin/pages/forms/payment-settings.php",
    "update/update-files/application/views/admin/pages/forms/privacy-policy.php": "application/views/admin/pages/forms/privacy-policy.php",
    "update/update-files/application/views/admin/pages/forms/product.php": "application/views/admin/pages/forms/product.php",
    "update/update-files/application/views/admin/pages/forms/profile.php": "application/views/admin/pages/forms/profile.php",
    "update/update-files/application/views/admin/pages/forms/promo-code.php": "application/views/admin/pages/forms/promo-code.php",
    "update/update-files/application/views/admin/pages/forms/purchase-code.php": "application/views/admin/pages/forms/purchase-code.php",
    "update/update-files/application/views/admin/pages/forms/reset_password.php": "application/views/admin/pages/forms/reset_password.php",
    "update/update-files/application/views/admin/pages/forms/settings.php": "application/views/admin/pages/forms/settings.php",
    "update/update-files/application/views/admin/pages/forms/slider.php": "application/views/admin/pages/forms/slider.php",
    "update/update-files/application/views/admin/pages/forms/system-users.php": "application/views/admin/pages/forms/system-users.php",
    "update/update-files/application/views/admin/pages/forms/tax.php": "application/views/admin/pages/forms/tax.php",
    "update/update-files/application/views/admin/pages/forms/themes.php": "application/views/admin/pages/forms/themes.php",
    "update/update-files/application/views/admin/pages/forms/ticket-type.php": "application/views/admin/pages/forms/ticket-type.php",
    "update/update-files/application/views/admin/pages/forms/time-slots.php": "application/views/admin/pages/forms/time-slots.php",
    "update/update-files/application/views/admin/pages/forms/updater.php": "application/views/admin/pages/forms/updater.php",
    "update/update-files/application/views/admin/pages/forms/web-settings.php": "application/views/admin/pages/forms/web-settings.php",
    "update/update-files/application/views/admin/pages/tables/category-order.php": "application/views/admin/pages/tables/category-order.php",
    "update/update-files/application/views/admin/pages/tables/customer-wallet.php": "application/views/admin/pages/tables/customer-wallet.php",
    "update/update-files/application/views/admin/pages/tables/edit-form.php": "application/views/admin/pages/tables/edit-form.php",
    "update/update-files/application/views/admin/pages/tables/featured_section.php": "application/views/admin/pages/tables/featured_section.php",
    "update/update-files/application/views/admin/pages/tables/manage-address.php": "application/views/admin/pages/tables/manage-address.php",
    "update/update-files/application/views/admin/pages/tables/manage-area.php": "application/views/admin/pages/tables/manage-area.php",
    "update/update-files/application/views/admin/pages/tables/manage-attribute.php": "application/views/admin/pages/tables/manage-attribute.php",
    "update/update-files/application/views/admin/pages/tables/manage-attribute-set.php": "application/views/admin/pages/tables/manage-attribute-set.php",
    "update/update-files/application/views/admin/pages/tables/manage-attribute-value.php": "application/views/admin/pages/tables/manage-attribute-value.php",
    "update/update-files/application/views/admin/pages/tables/manage-category.php": "application/views/admin/pages/tables/manage-category.php",
    "update/update-files/application/views/admin/pages/tables/manage-city.php": "application/views/admin/pages/tables/manage-city.php",
    "update/update-files/application/views/admin/pages/tables/manage-client-api-keys.php": "application/views/admin/pages/tables/manage-client-api-keys.php",
    "update/update-files/application/views/admin/pages/tables/manage-customer.php": "application/views/admin/pages/tables/manage-customer.php",
    "update/update-files/application/views/admin/pages/tables/manage-customer-wallet.php": "application/views/admin/pages/tables/manage-customer-wallet.php",
    "update/update-files/application/views/admin/pages/tables/manage-delivery-boy.php": "application/views/admin/pages/tables/manage-delivery-boy.php",
    "update/update-files/application/views/admin/pages/tables/manage-faq.php": "application/views/admin/pages/tables/manage-faq.php",
    "update/update-files/application/views/admin/pages/tables/manage-fund-transfers.php": "application/views/admin/pages/tables/manage-fund-transfers.php",
    "update/update-files/application/views/admin/pages/tables/manage-notifications.php": "application/views/admin/pages/tables/manage-notifications.php",
    "update/update-files/application/views/admin/pages/tables/manage-offers.php": "application/views/admin/pages/tables/manage-offers.php",
    "update/update-files/application/views/admin/pages/tables/manage-orders.php": "application/views/admin/pages/tables/manage-orders.php",
    "update/update-files/application/views/admin/pages/tables/manage-product.php": "application/views/admin/pages/tables/manage-product.php",
    "update/update-files/application/views/admin/pages/tables/manage-promo-code.php": "application/views/admin/pages/tables/manage-promo-code.php",
    "update/update-files/application/views/admin/pages/tables/manage-slider.php": "application/views/admin/pages/tables/manage-slider.php",
    "update/update-files/application/views/admin/pages/tables/manage-subcategory.php": "application/views/admin/pages/tables/manage-subcategory.php",
    "update/update-files/application/views/admin/pages/tables/manage-system-users.php": "application/views/admin/pages/tables/manage-system-users.php",
    "update/update-files/application/views/admin/pages/tables/manage-taxes.php": "application/views/admin/pages/tables/manage-taxes.php",
    "update/update-files/application/views/admin/pages/tables/manage-ticket-types.php": "application/views/admin/pages/tables/manage-ticket-types.php",
    "update/update-files/application/views/admin/pages/tables/manage-zipcodes.php": "application/views/admin/pages/tables/manage-zipcodes.php",
    "update/update-files/application/views/admin/pages/tables/payment-request.php": "application/views/admin/pages/tables/payment-request.php",
    "update/update-files/application/views/admin/pages/tables/products-order.php": "application/views/admin/pages/tables/products-order.php",
    "update/update-files/application/views/admin/pages/tables/return-request.php": "application/views/admin/pages/tables/return-request.php",
    "update/update-files/application/views/admin/pages/tables/sales-invoice.php": "application/views/admin/pages/tables/sales-invoice.php",
    "update/update-files/application/views/admin/pages/tables/section-order.php": "application/views/admin/pages/tables/section-order.php",
    "update/update-files/application/views/admin/pages/tables/tickets.php": "application/views/admin/pages/tables/tickets.php",
    "update/update-files/application/views/admin/pages/tables/transaction.php": "application/views/admin/pages/tables/transaction.php",
    "update/update-files/application/views/admin/pages/view/api-order-invoice.php": "application/views/admin/pages/view/api-order-invoice.php",
    "update/update-files/application/views/admin/pages/view/email-template.php": "application/views/admin/pages/view/email-template.php",
    "update/update-files/application/views/admin/pages/view/invoice.php": "application/views/admin/pages/view/invoice.php",
    "update/update-files/application/views/admin/pages/view/media-gallary.php": "application/views/admin/pages/view/media-gallary.php",
    "update/update-files/application/views/admin/pages/view/privacy-policy.php": "application/views/admin/pages/view/privacy-policy.php",
    "update/update-files/application/views/admin/pages/view/products.php": "application/views/admin/pages/view/products.php",
    "update/update-files/application/views/admin/pages/view/terms-and-conditions.php": "application/views/admin/pages/view/terms-and-conditions.php",
    "update/update-files/application/views/delivery_boy/include-footer.php": "application/views/delivery_boy/include-footer.php",
    "update/update-files/application/views/delivery_boy/include-head.php": "application/views/delivery_boy/include-head.php",
    "update/update-files/application/views/delivery_boy/include-navbar.php": "application/views/delivery_boy/include-navbar.php",
    "update/update-files/application/views/delivery_boy/include-script.php": "application/views/delivery_boy/include-script.php",
    "update/update-files/application/views/delivery_boy/include-sidebar.php": "application/views/delivery_boy/include-sidebar.php",
    "update/update-files/application/views/delivery_boy/login.php": "application/views/delivery_boy/login.php",
    "update/update-files/application/views/delivery_boy/template.php": "application/views/delivery_boy/template.php",
    "update/update-files/application/views/delivery_boy/pages/forms/change-password.php": "application/views/delivery_boy/pages/forms/change-password.php",
    "update/update-files/application/views/delivery_boy/pages/forms/edit-orders.php": "application/views/delivery_boy/pages/forms/edit-orders.php",
    "update/update-files/application/views/delivery_boy/pages/forms/home.php": "application/views/delivery_boy/pages/forms/home.php",
    "update/update-files/application/views/delivery_boy/pages/forms/login.php": "application/views/delivery_boy/pages/forms/login.php",
    "update/update-files/application/views/delivery_boy/pages/forms/profile.php": "application/views/delivery_boy/pages/forms/profile.php",
    "update/update-files/application/views/delivery_boy/pages/tables/manage-fund-transfers.php": "application/views/delivery_boy/pages/tables/manage-fund-transfers.php",
    "update/update-files/application/views/delivery_boy/pages/tables/manage-orders.php": "application/views/delivery_boy/pages/tables/manage-orders.php"

}